{"n_topics": 4, "cluster_counts": [2, 3, 4, 5, 6, 7, 8, 9, 10, 11, 12, 13, 14, 15], "silhouette_scores": [0.46075, 0.565199, 0.695917, 0.648881, 0.636435, 0.646782, 0.668696, 0.675747, 0.652602, 0.639212, 0.657142, 0.65994, 0.665121, 0.66193], "inertia_scores": [5314.84, 3084.34, 1076.18, 851.94, 704.74, 554.35, 461.36, 404.83, 358.62, 319.38, 281.47, 251.28, 228.39, 210.11], "elbow_point": 4}