{"n_topics": 10, "cluster_counts": [2, 3, 4, 5, 6, 7, 8, 9, 10, 11, 12, 13, 14, 15], "silhouette_scores": [0.327074, 0.331272, 0.382832, 0.425312, 0.455318, 0.471746, 0.489673, 0.498086, 0.454108, 0.459112, 0.434216, 0.407503, 0.391296, 0.387471], "inertia_scores": [5372.66, 4457.52, 3636.12, 2909.31, 2433.75, 2070.1, 1783.71, 1578.35, 1457.5, 1341.49, 1261.83, 1199.65, 1158.82, 1114.02], "elbow_point": 7}