{"n_topics": 5, "cluster_counts": [2, 3, 4, 5, 6, 7, 8, 9, 10, 11, 12, 13, 14, 15], "silhouette_scores": [0.42188, 0.526278, 0.614821, 0.669991, 0.618882, 0.590961, 0.570218, 0.556831, 0.567538, 0.609236, 0.574692, 0.589755, 0.585655, 0.574049], "inertia_scores": [5619.81, 3503.37, 2064.9, 1123.36, 943.05, 815.49, 721.92, 658.18, 598.88, 542.6, 492.39, 448.46, 416.56, 390.27], "elbow_point": 5}