{"n_topics": 7, "cluster_counts": [2, 3, 4, 5, 6, 7, 8, 9, 10, 11, 12, 13, 14, 15], "silhouette_scores": [0.376286, 0.408853, 0.491184, 0.558226, 0.578612, 0.584378, 0.548726, 0.51771, 0.479853, 0.499795, 0.476646, 0.458689, 0.460074, 0.450983], "inertia_scores": [5486.68, 4151.0, 2934.42, 1981.7, 1491.18, 1288.05, 1140.76, 1033.91, 958.24, 897.0, 837.83, 786.12, 747.57, 709.01], "elbow_point": 6}