{"n_topics": 12, "cluster_counts": [2, 3, 4, 5, 6, 7, 8, 9, 10, 11, 12, 13, 14, 15], "silhouette_scores": [0.291049, 0.260653, 0.303431, 0.336629, 0.362954, 0.386626, 0.40956, 0.433028, 0.442163, 0.44846, 0.405907, 0.376493, 0.358335, 0.366303], "inertia_scores": [5162.71, 4435.42, 3813.95, 3352.85, 2924.69, 2542.15, 2218.04, 1907.0, 1715.09, 1583.35, 1469.23, 1396.84, 1345.71, 1300.3], "elbow_point": 9}