{"n_topics": 2, "cluster_counts": [2, 3, 4, 5, 6, 7, 8, 9, 10, 11, 12, 13, 14, 15], "silhouette_scores": [0.83095, 0.834493, 0.836461, 0.840293, 0.842511, 0.843992, 0.846821, 0.84538, 0.842, 0.840714, 0.840189, 0.836707, 0.834877, 0.836704], "inertia_scores": [619.92, 190.52, 89.85, 50.62, 31.97, 22.06, 15.54, 12.14, 9.67, 8.02, 6.52, 5.54, 4.76, 4.01], "elbow_point": 4}