{"n_topics": 15, "cluster_counts": [2, 3, 4, 5, 6, 7, 8, 9, 10, 11, 12, 13, 14, 15], "silhouette_scores": [0.198751, 0.225673, 0.267594, 0.298025, 0.313837, 0.33573, 0.358147, 0.370134, 0.383049, 0.397058, 0.410284, 0.415796, 0.387967, 0.366886], "inertia_scores": [5732.67, 4864.98, 4193.52, 3659.16, 3241.08, 2917.13, 2618.63, 2404.33, 2197.12, 2028.23, 1827.55, 1702.76, 1615.43, 1545.73], "elbow_point": 7}