{"n_topics": 6, "cluster_counts": [2, 3, 4, 5, 6, 7, 8, 9, 10, 11, 12, 13, 14, 15], "silhouette_scores": [0.404587, 0.486866, 0.549399, 0.599361, 0.630809, 0.577797, 0.544983, 0.524542, 0.509301, 0.535505, 0.523405, 0.516214, 0.536249, 0.504705], "inertia_scores": [5473.29, 3645.88, 2592.25, 1730.38, 1197.28, 1031.11, 904.96, 830.44, 775.71, 714.55, 662.74, 614.44, 569.15, 530.94], "elbow_point": 6}