{"n_topics": 17, "cluster_counts": [2, 3, 4, 5, 6, 7, 8, 9, 10, 11, 12, 13, 14, 15], "silhouette_scores": [0.211286, 0.250122, 0.262751, 0.276106, 0.291728, 0.307861, 0.320672, 0.323443, 0.336131, 0.340468, 0.358774, 0.35782, 0.365621, 0.373074], "inertia_scores": [5358.58, 4357.45, 3921.43, 3532.27, 3255.32, 3021.93, 2811.82, 2591.7, 2408.24, 2302.31, 2131.87, 1980.61, 1864.03, 1751.49], "elbow_point": 5}