{"n_topics": 14, "cluster_counts": [2, 3, 4, 5, 6, 7, 8, 9, 10, 11, 12, 13, 14, 15], "silhouette_scores": [0.207267, 0.27416, 0.30821, 0.319396, 0.347593, 0.370378, 0.383222, 0.399586, 0.411442, 0.417092, 0.372801, 0.383278, 0.393027, 0.381091], "inertia_scores": [5699.28, 4500.02, 3847.96, 3383.76, 3009.35, 2679.75, 2427.59, 2185.27, 1991.22, 1837.44, 1721.73, 1598.53, 1503.09, 1442.33], "elbow_point": 7}