{"n_topics": 16, "cluster_counts": [2, 3, 4, 5, 6, 7, 8, 9, 10, 11, 12, 13, 14, 15], "silhouette_scores": [0.210495, 0.242581, 0.259851, 0.278106, 0.293617, 0.308153, 0.31106, 0.328348, 0.341163, 0.353632, 0.360473, 0.371168, 0.379563, 0.348848], "inertia_scores": [5303.89, 4444.17, 3975.82, 3568.45, 3217.53, 2942.2, 2743.57, 2499.49, 2318.13, 2140.96, 2021.7, 1872.18, 1762.18, 1672.71], "elbow_point": 6}