{"n_topics": 8, "cluster_counts": [2, 3, 4, 5, 6, 7, 8, 9, 10, 11, 12, 13, 14, 15], "silhouette_scores": [0.353703, 0.376086, 0.449098, 0.50588, 0.526595, 0.537826, 0.545882, 0.504914, 0.471377, 0.437211, 0.448407, 0.39967, 0.429161, 0.413675], "inertia_scores": [5404.77, 4213.65, 3143.58, 2316.99, 1845.59, 1591.58, 1381.57, 1244.7, 1146.0, 1073.44, 1019.34, 968.36, 920.86, 873.51], "elbow_point": 6}