{"n_topics": 20, "cluster_counts": [2, 3, 4, 5, 6, 7, 8, 9, 10, 11, 12, 13, 14, 15], "silhouette_scores": [0.14121, 0.207294, 0.216625, 0.222631, 0.237822, 0.248356, 0.264477, 0.276881, 0.286682, 0.296023, 0.31035, 0.325537, 0.331139, 0.293754], "inertia_scores": [5404.36, 4551.54, 4205.51, 3897.87, 3644.12, 3401.84, 3190.9, 2973.32, 2792.86, 2635.1, 2449.37, 2279.88, 2126.72, 2061.11], "elbow_point": 5}