{"n_topics": 19, "cluster_counts": [2, 3, 4, 5, 6, 7, 8, 9, 10, 11, 12, 13, 14, 15], "silhouette_scores": [0.174346, 0.205225, 0.233722, 0.245844, 0.253898, 0.271974, 0.290123, 0.300699, 0.314452, 0.327598, 0.336533, 0.343253, 0.350139, 0.359125], "inertia_scores": [5593.41, 4875.09, 4230.35, 3882.85, 3580.23, 3335.65, 3097.41, 2889.57, 2691.75, 2523.68, 2357.4, 2224.05, 2084.26, 1976.9], "elbow_point": 6}