{"n_topics": 11, "cluster_counts": [2, 3, 4, 5, 6, 7, 8, 9, 10, 11, 12, 13, 14, 15], "silhouette_scores": [0.331481, 0.333278, 0.336762, 0.378431, 0.411098, 0.435027, 0.450507, 0.461997, 0.470163, 0.425064, 0.398867, 0.383823, 0.387852, 0.395677], "inertia_scores": [4947.32, 4216.71, 3570.72, 2978.83, 2528.21, 2168.31, 1892.67, 1704.98, 1553.45, 1427.9, 1351.36, 1289.16, 1225.19, 1181.02], "elbow_point": 7}