{"n_topics": 18, "cluster_counts": [2, 3, 4, 5, 6, 7, 8, 9, 10, 11, 12, 13, 14, 15], "silhouette_scores": [0.177273, 0.192191, 0.234564, 0.243643, 0.257984, 0.26347, 0.279396, 0.295642, 0.305464, 0.327071, 0.337071, 0.343329, 0.356274, 0.365247], "inertia_scores": [5628.03, 4940.23, 4271.1, 3941.05, 3654.01, 3430.28, 3190.09, 2986.53, 2764.71, 2587.47, 2372.67, 2259.45, 2043.66, 1911.35], "elbow_point": 6}