{"n_topics": 3, "cluster_counts": [2, 3, 4, 5, 6, 7, 8, 9, 10, 11, 12, 13, 14, 15], "silhouette_scores": [0.561423, 0.782216, 0.741132, 0.759374, 0.750496, 0.751709, 0.769565, 0.764226, 0.760043, 0.771909, 0.770272, 0.768922, 0.776187, 0.77432], "inertia_scores": [4469.08, 796.89, 543.87, 337.19, 264.24, 200.04, 148.55, 126.33, 105.64, 87.63, 76.14, 66.15, 58.64, 52.83], "elbow_point": 3}