{"n_topics": 13, "cluster_counts": [2, 3, 4, 5, 6, 7, 8, 9, 10, 11, 12, 13, 14, 15], "silhouette_scores": [0.245824, 0.296987, 0.328468, 0.353466, 0.380994, 0.401426, 0.4138, 0.425453, 0.436324, 0.397148, 0.400151, 0.406191, 0.389767, 0.372941], "inertia_scores": [5527.48, 4343.42, 3728.68, 3176.01, 2741.77, 2404.18, 2175.27, 1972.1, 1802.0, 1674.07, 1554.06, 1481.44, 1412.91, 1365.85], "elbow_point": 7}