{"n_topics": 9, "cluster_counts": [2, 3, 4, 5, 6, 7, 8, 9, 10, 11, 12, 13, 14, 15], "silhouette_scores": [0.3382, 0.353174, 0.414204, 0.456982, 0.475586, 0.491481, 0.50672, 0.514314, 0.475085, 0.44144, 0.414062, 0.398011, 0.398051, 0.377225], "inertia_scores": [5344.25, 4244.37, 3328.42, 2637.81, 2213.92, 1875.49, 1594.34, 1432.71, 1307.37, 1216.16, 1153.44, 1103.23, 1057.86, 1018.09], "elbow_point": 7}