{
  "2": 0.48799646269589325,
  "3": 0.5022992356526931,
  "4": 0.5267168260130545,
  "5": 0.5229357770288987,
  "6": 0.5512420168962923,
  "7": 0.5452913306998255,
  "8": 0.5290374259836995,
  "9": 0.5302955099943275,
  "10": 0.5281266651595965,
  "11": 0.5205852184275027,
  "12": 0.5270872878969682,
  "13": 0.49871156323566634,
  "14": 0.5672811674290681,
  "15": 0.5718475494897657,
  "16": 0.5368271706869387,
  "17": 0.5571989739361444,
  "18": 0.6375443768478255,
  "19": 0.6335913765220361,
  "20": 0.6452558049381644
}