{
  "2": 0.4503007774701261,
  "3": 0.49429815370407226,
  "4": 0.5042797258129291,
  "5": 0.5050931533648145,
  "6": 0.536659985635982,
  "7": 0.5745555084618431,
  "8": 0.5864544238009837,
  "9": 0.5814845349372468,
  "10": 0.595423958495644,
  "11": 0.5990709519004035,
  "12": 0.5920837134329427,
  "13": 0.6226986915341225,
  "14": 0.5941164197878155,
  "15": 0.6279142047667662,
  "16": 0.6026969251669485,
  "17": 0.6080995999215568,
  "18": 0.6033190507659044,
  "19": 0.5916479809365682,
  "20": 0.6036451365363328
}