{
  "2": 0.4604169145615644,
  "3": 0.492365302191309,
  "4": 0.471918636807078,
  "5": 0.4974266434148441
}