{
  "2": 0.4709819242289942,
  "3": 0.4959937256811549,
  "4": 0.4901157232051888,
  "5": 0.5504276156337834,
  "6": 0.5017678530100486,
  "7": 0.5378895181396267,
  "8": 0.5551339096576167,
  "9": 0.5246463786272889,
  "10": 0.5411694863981932,
  "11": 0.5755626805120939,
  "12": 0.601058853336473,
  "13": 0.5760189249471546,
  "14": 0.6089209330943929,
  "15": 0.5621644800118981,
  "16": 0.5430854937675611,
  "17": 0.5351941819520031,
  "18": 0.5681212854602341,
  "19": 0.5498643201266707,
  "20": 0.5620513801396234
}