{
  "raw": {
    "n_documents": 18846,
    "mean": 181.6377480632495,
    "median": 83.0,
    "min": 0,
    "max": 11765,
    "std": 501.3204994048508,
    "empty_count": 515,
    "empty_pct": 2.7326753687785206,
    "percentiles": {
      "10": 18.0,
      "25": 40.0,
      "50": 83.0,
      "75": 166.0,
      "90": 331.0,
      "95": 558.0,
      "99": 1750.7999999999884
    },
    "histogram_bins": [
      1.0,
      12.3,
      23.6,
      34.900000000000006,
      46.2,
      57.5,
      68.80000000000001,
      80.10000000000001,
      91.4,
      102.7,
      114.0,
      125.30000000000001,
      136.60000000000002,
      147.9,
      159.20000000000002,
      170.5,
      181.8,
      193.10000000000002,
      204.4,
      215.70000000000002,
      227.0,
      238.3,
      249.60000000000002,
      260.90000000000003,
      272.20000000000005,
      283.5,
      294.8,
      306.1,
      317.40000000000003,
      328.70000000000005,
      340.0,
      351.3,
      362.6,
      373.90000000000003,
      385.20000000000005,
      396.5,
      407.8,
      419.1,
      430.40000000000003,
      441.70000000000005,
      453.0,
      464.3,
      475.6,
      486.90000000000003,
      498.20000000000005,
      509.50000000000006,
      520.8000000000001,
      532.1,
      543.4000000000001,
      554.7,
      566.0
    ],
    "histogram_counts": [
      800,
      1250,
      1412,
      1583,
      1321,
      1192,
      1121,
      952,
      822,
      723,
      700,
      573,
      486,
      461,
      378,
      322,
      311,
      274,
      236,
      238,
      232,
      193,
      155,
      156,
      115,
      113,
      104,
      113,
      85,
      91,
      71,
      64,
      73,
      79,
      46,
      60,
      63,
      45,
      32,
      31,
      38,
      31,
      33,
      40,
      33,
      29,
      35,
      34,
      28,
      954
    ]
  },
  "tokenized": {
    "n_documents": 18846,
    "mean": 78.69340974212034,
    "median": 34.0,
    "min": 0,
    "max": 5891,
    "std": 237.95128157177405,
    "empty_count": 570,
    "empty_pct": 3.0245144858325372,
    "percentiles": {
      "10": 7.0,
      "25": 16.0,
      "50": 34.0,
      "75": 68.0,
      "90": 139.0,
      "95": 238.0,
      "99": 854.0999999999985
    },
    "histogram_bins": [
      1.0,
      5.86,
      10.72,
      15.580000000000002,
      20.44,
      25.3,
      30.160000000000004,
      35.02,
      39.88,
      44.74,
      49.6,
      54.46,
      59.32000000000001,
      64.18,
      69.04,
      73.9,
      78.76,
      83.62,
      88.48,
      93.34,
      98.2,
      103.06,
      107.92,
      112.78,
      117.64000000000001,
      122.50000000000001,
      127.36000000000001,
      132.22,
      137.08,
      141.94,
      146.8,
      151.66,
      156.52,
      161.38000000000002,
      166.24,
      171.10000000000002,
      175.96,
      180.82000000000002,
      185.68,
      190.54000000000002,
      195.4,
      200.26000000000002,
      205.12,
      209.98000000000002,
      214.84,
      219.70000000000002,
      224.56,
      229.42000000000002,
      234.28000000000003,
      239.14000000000001,
      244.0
    ],
    "histogram_counts": [
      872,
      1408,
      1620,
      1576,
      1421,
      1227,
      1052,
      747,
      834,
      772,
      714,
      541,
      483,
      398,
      287,
      306,
      306,
      256,
      243,
      220,
      201,
      151,
      132,
      144,
      114,
      124,
      106,
      114,
      73,
      82,
      73,
      74,
      68,
      45,
      58,
      35,
      43,
      45,
      41,
      47,
      44,
      40,
      36,
      28,
      29,
      30,
      25,
      31,
      23,
      937
    ]
  },
  "vocab_before_filter": 72984,
  "vocab_after_filter": 16307,
  "vocab_reduction_pct": 77.65674668420476,
  "filtered": {
    "n_documents": 18846,
    "mean": 72.83349251830627,
    "median": 32.0,
    "min": 0,
    "max": 5407,
    "std": 217.82215404723428,
    "empty_count": 587,
    "empty_pct": 3.114719303831052,
    "percentiles": {
      "10": 7.0,
      "25": 15.0,
      "50": 32.0,
      "75": 64.0,
      "90": 130.0,
      "95": 222.75,
      "99": 760.6499999999978
    },
    "histogram_bins": [
      1.0,
      5.5,
      10.0,
      14.5,
      19.0,
      23.5,
      28.0,
      32.5,
      37.0,
      41.5,
      46.0,
      50.5,
      55.0,
      59.5,
      64.0,
      68.5,
      73.0,
      77.5,
      82.0,
      86.5,
      91.0,
      95.5,
      100.0,
      104.5,
      109.0,
      113.5,
      118.0,
      122.5,
      127.0,
      131.5,
      136.0,
      140.5,
      145.0,
      149.5,
      154.0,
      158.5,
      163.0,
      167.5,
      172.0,
      176.5,
      181.0,
      185.5,
      190.0,
      194.5,
      199.0,
      203.5,
      208.0,
      212.5,
      217.0,
      221.5,
      226.0
    ],
    "histogram_counts": [
      980,
      1199,
      1693,
      1345,
      1524,
      1048,
      1159,
      817,
      896,
      675,
      713,
      510,
      559,
      372,
      388,
      256,
      337,
      257,
      246,
      206,
      205,
      165,
      162,
      122,
      152,
      93,
      129,
      90,
      100,
      68,
      88,
      69,
      71,
      55,
      53,
      45,
      43,
      38,
      55,
      26,
      46,
      37,
      44,
      26,
      32,
      24,
      42,
      23,
      26,
      950
    ]
  },
  "final": {
    "n_documents": 16742,
    "mean": 81.5815314777207,
    "median": 37.0,
    "min": 8,
    "max": 5407,
    "std": 229.61463358238862,
    "empty_count": 0,
    "empty_pct": 0.0,
    "percentiles": {
      "10": 13.0,
      "25": 20.0,
      "50": 37.0,
      "75": 71.0,
      "90": 142.0,
      "95": 240.0,
      "99": 840.1800000000003
    },
    "histogram_bins": [
      8.0,
      12.64,
      17.28,
      21.919999999999998,
      26.56,
      31.2,
      35.839999999999996,
      40.48,
      45.12,
      49.76,
      54.4,
      59.04,
      63.67999999999999,
      68.32,
      72.96,
      77.6,
      82.24,
      86.88,
      91.52,
      96.16,
      100.8,
      105.44,
      110.08,
      114.72,
      119.35999999999999,
      123.99999999999999,
      128.64,
      133.27999999999997,
      137.92,
      142.56,
      147.2,
      151.84,
      156.48,
      161.11999999999998,
      165.76,
      170.39999999999998,
      175.04,
      179.67999999999998,
      184.32,
      188.95999999999998,
      193.6,
      198.23999999999998,
      202.88,
      207.51999999999998,
      212.16,
      216.79999999999998,
      221.44,
      226.07999999999998,
      230.71999999999997,
      235.35999999999999,
      240.0
    ],
    "histogram_counts": [
      1636,
      1730,
      1290,
      1381,
      1192,
      814,
      937,
      839,
      583,
      640,
      559,
      372,
      388,
      256,
      337,
      315,
      188,
      254,
      202,
      154,
      158,
      157,
      115,
      115,
      102,
      96,
      108,
      76,
      77,
      81,
      51,
      59,
      57,
      41,
      42,
      50,
      34,
      40,
      36,
      45,
      38,
      24,
      32,
      42,
      23,
      26,
      40,
      28,
      22,
      860
    ]
  },
  "min_tokens_threshold": 8,
  "docs_removed": 2104,
  "filter_no_below": 5,
  "filter_no_above": 0.5
}