{
  "raw_train": {
    "n_documents": 11314,
    "avg_length": 1218.1354958458546,
    "median_length": 491.0,
    "min_length": 0,
    "max_length": 74878,
    "std_length": 4038.0780101676874,
    "empty_count": 218,
    "empty_pct": 1.9268163337458017,
    "percentiles": {
      "10": 112.0,
      "25": 237.0,
      "50": 491.0,
      "75": 984.75,
      "90": 2005.7000000000007,
      "95": 3494.4000000000015,
      "99": 12991.700000000008
    },
    "histogram_bins": [
      1.0,
      268.5099999999987,
      536.0199999999974,
      803.5299999999961,
      1071.0399999999947,
      1338.5499999999934,
      1606.0599999999922,
      1873.5699999999908,
      2141.0799999999895,
      2408.5899999999883,
      2676.0999999999867,
      2943.6099999999856,
      3211.1199999999844,
      3478.629999999983,
      3746.1399999999817,
      4013.64999999998,
      4281.159999999979,
      4548.669999999977,
      4816.179999999977,
      5083.689999999975,
      5351.199999999973,
      5618.709999999973,
      5886.219999999971,
      6153.72999999997,
      6421.239999999969,
      6688.749999999967,
      6956.259999999966,
      7223.769999999964,
      7491.279999999963,
      7758.789999999962,
      8026.29999999996,
      8293.80999999996,
      8561.319999999958,
      8828.829999999956,
      9096.339999999955,
      9363.849999999953,
      9631.359999999953,
      9898.869999999952,
      10166.37999999995,
      10433.889999999948,
      10701.399999999947,
      10968.909999999945,
      11236.419999999946,
      11503.929999999944,
      11771.439999999942,
      12038.94999999994,
      12306.45999999994,
      12573.969999999937,
      12841.479999999938,
      13108.989999999936,
      13376.499999999935
    ],
    "histogram_counts": [
      3063,
      2761,
      1701,
      998,
      636,
      426,
      260,
      217,
      159,
      84,
      75,
      79,
      67,
      48,
      42,
      48,
      40,
      38,
      26,
      24,
      12,
      13,
      15,
      5,
      8,
      9,
      16,
      8,
      6,
      17,
      4,
      6,
      5,
      5,
      5,
      7,
      4,
      8,
      2,
      2,
      3,
      6,
      3,
      8,
      5,
      2,
      2,
      1,
      4,
      113
    ]
  },
  "raw_test": {
    "n_documents": 7532,
    "avg_length": 1096.86258629846,
    "median_length": 483.5,
    "min_length": 0,
    "max_length": 158791,
    "std_length": 3570.9847064364294,
    "empty_count": 162,
    "empty_pct": 2.1508231545406264,
    "percentiles": {
      "10": 103.0,
      "25": 230.0,
      "50": 483.5,
      "75": 967.25,
      "90": 1937.6000000000022,
      "95": 3322.0,
      "99": 10581.1199999999
    },
    "histogram_bins": [
      1.0,
      218.00059999999988,
      435.00119999999976,
      652.0017999999997,
      869.0023999999995,
      1086.0029999999995,
      1303.0035999999993,
      1520.0041999999992,
      1737.004799999999,
      1954.0053999999989,
      2171.005999999999,
      2388.006599999999,
      2605.0071999999986,
      2822.0077999999985,
      3039.0083999999983,
      3256.008999999998,
      3473.009599999998,
      3690.010199999998,
      3907.0107999999977,
      4124.011399999998,
      4341.011999999998,
      4558.012599999997,
      4775.013199999998,
      4992.013799999997,
      5209.014399999997,
      5426.014999999997,
      5643.015599999997,
      5860.016199999996,
      6077.016799999997,
      6294.017399999996,
      6511.017999999996,
      6728.018599999996,
      6945.019199999996,
      7162.019799999996,
      7379.020399999996,
      7596.020999999996,
      7813.0215999999955,
      8030.022199999996,
      8247.022799999995,
      8464.023399999995,
      8681.023999999996,
      8898.024599999995,
      9115.025199999995,
      9332.025799999994,
      9549.026399999995,
      9766.026999999995,
      9983.027599999994,
      10200.028199999993,
      10417.028799999995,
      10634.029399999994,
      10851.029999999993
    ],
    "histogram_counts": [
      1629,
      1667,
      1190,
      773,
      447,
      362,
      246,
      192,
      122,
      95,
      70,
      58,
      45,
      43,
      44,
      35,
      41,
      32,
      18,
      18,
      15,
      9,
      12,
      8,
      10,
      11,
      9,
      11,
      9,
      9,
      2,
      7,
      6,
      1,
      5,
      3,
      4,
      6,
      5,
      3,
      5,
      2,
      2,
      4,
      2,
      1,
      2,
      4,
      0,
      76
    ]
  },
  "vocab_before_filter": 55839,
  "tokenized_train": {
    "n_documents": 11314,
    "avg_length": 80.55789287608273,
    "median_length": 34.0,
    "min_length": 0,
    "max_length": 5891,
    "std_length": 244.87070442617963,
    "empty_count": 330,
    "empty_pct": 2.916740321725296,
    "percentiles": {
      "10": 7.0,
      "25": 16.0,
      "50": 34.0,
      "75": 69.0,
      "90": 141.0,
      "95": 244.35000000000036,
      "99": 886.0
    },
    "histogram_bins": [
      1.0,
      18.777000000000008,
      36.554000000000016,
      54.331000000000024,
      72.10800000000003,
      89.88500000000005,
      107.66200000000005,
      125.43900000000005,
      143.21600000000007,
      160.99300000000008,
      178.7700000000001,
      196.54700000000008,
      214.3240000000001,
      232.1010000000001,
      249.8780000000001,
      267.65500000000014,
      285.43200000000013,
      303.2090000000001,
      320.98600000000016,
      338.76300000000015,
      356.5400000000002,
      374.3170000000002,
      392.09400000000016,
      409.8710000000002,
      427.6480000000002,
      445.4250000000002,
      463.2020000000002,
      480.9790000000002,
      498.7560000000002,
      516.5330000000002,
      534.3100000000003,
      552.0870000000002,
      569.8640000000003,
      587.6410000000003,
      605.4180000000002,
      623.1950000000003,
      640.9720000000003,
      658.7490000000003,
      676.5260000000003,
      694.3030000000003,
      712.0800000000004,
      729.8570000000003,
      747.6340000000004,
      765.4110000000004,
      783.1880000000003,
      800.9650000000004,
      818.7420000000004,
      836.5190000000003,
      854.2960000000004,
      872.0730000000004,
      889.8500000000004
    ],
    "histogram_counts": [
      2896,
      2684,
      1729,
      1006,
      601,
      456,
      281,
      227,
      152,
      114,
      95,
      90,
      52,
      52,
      46,
      47,
      35,
      35,
      38,
      20,
      16,
      21,
      18,
      13,
      9,
      11,
      8,
      12,
      9,
      10,
      10,
      8,
      7,
      2,
      7,
      6,
      5,
      2,
      5,
      5,
      3,
      4,
      3,
      3,
      2,
      2,
      2,
      2,
      4,
      119
    ]
  },
  "tokenized_test": {
    "n_documents": 7532,
    "avg_length": 75.89272437599575,
    "median_length": 34.0,
    "min_length": 0,
    "max_length": 5009,
    "std_length": 227.13294705988454,
    "empty_count": 240,
    "empty_pct": 3.186404673393521,
    "percentiles": {
      "10": 7.0,
      "25": 16.0,
      "50": 34.0,
      "75": 67.0,
      "90": 136.0,
      "95": 231.0,
      "99": 775.5899999999956
    },