{
  "2": 281.48671060240093,
  "3": 263.69873518099746,
  "4": 256.79379297971684,
  "5": 249.0876564879719
}