{
  "2": 194.472520728801,
  "3": 187.71241915558193,
  "4": 184.4601718856076,
  "5": 182.20785018011048,
  "6": 180.97141679571325,
  "7": 181.22570652990441,
  "8": 178.08104657251292,
  "9": 181.72804888002545,
  "10": 180.84051748611532,
  "11": 182.09362324563068,
  "12": 178.69807697442326,
  "13": 181.37356798769926,
  "14": 180.07983489927716,
  "15": 180.5247178924362,
  "16": 182.2273943683962,
  "17": 184.67621127155752,
  "18": 183.79314216237216,
  "19": 185.52805695560716,
  "20": 184.3925310200342
}