{
  "2": 209.58386647310627,
  "3": 205.346172758079,
  "4": 208.09252230522725,
  "5": 209.18690083532738,
  "6": 210.0727884109364,
  "7": 209.17517502349332,
  "8": 210.688652763128,
  "9": 212.68995116683723,
  "10": 216.26872663764917,
  "11": 217.4295462278642,
  "12": 219.1627453408783,
  "13": 221.93701015251992,
  "14": 226.30590006758922,
  "15": 225.41665977433632,
  "16": 228.68927516657533,
  "17": 231.04132276246304,
  "18": 233.23592700649846,
  "19": 236.4947372809278,
  "20": 238.76539314602306
}