{
  "n_documents": 18846,
  "mean": 181.6377480632495,
  "median": 83.0,
  "min": 0,
  "max": 11765,
  "std": 501.3204994048508,
  "empty_count": 515,
  "empty_pct": 2.7326753687785206,
  "percentiles": {
    "10": 18.0,
    "25": 40.0,
    "50": 83.0,
    "75": 166.0,
    "90": 331.0,
    "95": 558.0,
    "99": 1750.7999999999884
  },
  "histogram_bins": [
    1.0,
    12.3,
    23.6,
    34.900000000000006,
    46.2,
    57.5,
    68.80000000000001,
    80.10000000000001,
    91.4,
    102.7,
    114.0,
    125.30000000000001,
    136.60000000000002,
    147.9,
    159.20000000000002,
    170.5,
    181.8,
    193.10000000000002,
    204.4,
    215.70000000000002,
    227.0,
    238.3,
    249.60000000000002,
    260.90000000000003,
    272.20000000000005,
    283.5,
    294.8,
    306.1,
    317.40000000000003,
    328.70000000000005,
    340.0,
    351.3,
    362.6,
    373.90000000000003,
    385.20000000000005,
    396.5,
    407.8,
    419.1,
    430.40000000000003,
    441.70000000000005,
    453.0,
    464.3,
    475.6,
    486.90000000000003,
    498.20000000000005,
    509.50000000000006,
    520.8000000000001,
    532.1,
    543.4000000000001,
    554.7,
    566.0
  ],
  "histogram_counts": [
    800,
    1250,
    1412,
    1583,
    1321,
    1192,
    1121,
    952,
    822,
    723,
    700,
    573,
    486,
    461,
    378,
    322,
    311,
    274,
    236,
    238,
    232,
    193,
    155,
    156,
    115,
    113,
    104,
    113,
    85,
    91,
    71,
    64,
    73,
    79,
    46,
    60,
    63,
    45,
    32,
    31,
    38,
    31,
    33,
    40,
    33,
    29,
    35,
    34,
    28,
    954
  ]
}