{
  "n_documents": 16742,
  "mean": 81.5815314777207,
  "median": 37.0,
  "min": 8,
  "max": 5407,
  "std": 229.61463358238862,
  "empty_count": 0,
  "empty_pct": 0.0,
  "percentiles": {
    "10": 13.0,
    "25": 20.0,
    "50": 37.0,
    "75": 71.0,
    "90": 142.0,
    "95": 240.0,
    "99": 840.1800000000003
  },
  "histogram_bins": [
    8.0,
    12.64,
    17.28,
    21.919999999999998,
    26.56,
    31.2,
    35.839999999999996,
    40.48,
    45.12,
    49.76,
    54.4,
    59.04,
    63.67999999999999,
    68.32,
    72.96,
    77.6,
    82.24,
    86.88,
    91.52,
    96.16,
    100.8,
    105.44,
    110.08,
    114.72,
    119.35999999999999,
    123.99999999999999,
    128.64,
    133.27999999999997,
    137.92,
    142.56,
    147.2,
    151.84,
    156.48,
    161.11999999999998,
    165.76,
    170.39999999999998,
    175.04,
    179.67999999999998,
    184.32,
    188.95999999999998,
    193.6,
    198.23999999999998,
    202.88,
    207.51999999999998,
    212.16,
    216.79999999999998,
    221.44,
    226.07999999999998,
    230.71999999999997,
    235.35999999999999,
    240.0
  ],
  "histogram_counts": [
    1636,
    1730,
    1290,
    1381,
    1192,
    814,
    937,
    839,
    583,
    640,
    559,
    372,
    388,
    256,
    337,
    315,
    188,
    254,
    202,
    154,
    158,
    157,
    115,
    115,
    102,
    96,
    108,
    76,
    77,
    81,
    51,
    59,
    57,
    41,
    42,
    50,
    34,
    40,
    36,
    45,
    38,
    24,
    32,
    42,
    23,
    26,
    40,
    28,
    22,
    860
  ]
}