{
  "n_documents": 18846,
  "mean": 72.83349251830627,
  "median": 32.0,
  "min": 0,
  "max": 5407,
  "std": 217.82215404723428,
  "empty_count": 587,
  "empty_pct": 3.114719303831052,
  "percentiles": {
    "10": 7.0,
    "25": 15.0,
    "50": 32.0,
    "75": 64.0,
    "90": 130.0,
    "95": 222.75,
    "99": 760.6499999999978
  },
  "histogram_bins": [
    1.0,
    5.5,
    10.0,
    14.5,
    19.0,
    23.5,
    28.0,
    32.5,
    37.0,
    41.5,
    46.0,
    50.5,
    55.0,
    59.5,
    64.0,
    68.5,
    73.0,
    77.5,
    82.0,
    86.5,
    91.0,
    95.5,
    100.0,
    104.5,
    109.0,
    113.5,
    118.0,
    122.5,
    127.0,
    131.5,
    136.0,
    140.5,
    145.0,
    149.5,
    154.0,
    158.5,
    163.0,
    167.5,
    172.0,
    176.5,
    181.0,
    185.5,
    190.0,
    194.5,
    199.0,
    203.5,
    208.0,
    212.5,
    217.0,
    221.5,
    226.0
  ],
  "histogram_counts": [
    980,
    1199,
    1693,
    1345,
    1524,
    1048,
    1159,
    817,
    896,
    675,
    713,
    510,
    559,
    372,
    388,
    256,
    337,
    257,
    246,
    206,
    205,
    165,
    162,
    122,
    152,
    93,
    129,
    90,
    100,
    68,
    88,
    69,
    71,
    55,
    53,
    45,
    43,
    38,
    55,
    26,
    46,
    37,
    44,
    26,
    32,
    24,
    42,
    23,
    26,
    950
  ]
}