{
  "n_documents": 18846,
  "mean": 78.69340974212034,
  "median": 34.0,
  "min": 0,
  "max": 5891,
  "std": 237.95128157177405,
  "empty_count": 570,
  "empty_pct": 3.0245144858325372,
  "percentiles": {
    "10": 7.0,
    "25": 16.0,
    "50": 34.0,
    "75": 68.0,
    "90": 139.0,
    "95": 238.0,
    "99": 854.0999999999985
  },
  "histogram_bins": [
    1.0,
    5.86,
    10.72,
    15.580000000000002,
    20.44,
    25.3,
    30.160000000000004,
    35.02,
    39.88,
    44.74,
    49.6,
    54.46,
    59.32000000000001,
    64.18,
    69.04,
    73.9,
    78.76,
    83.62,
    88.48,
    93.34,
    98.2,
    103.06,
    107.92,
    112.78,
    117.64000000000001,
    122.50000000000001,
    127.36000000000001,
    132.22,
    137.08,
    141.94,
    146.8,
    151.66,
    156.52,
    161.38000000000002,
    166.24,
    171.10000000000002,
    175.96,
    180.82000000000002,
    185.68,
    190.54000000000002,
    195.4,
    200.26000000000002,
    205.12,
    209.98000000000002,
    214.84,
    219.70000000000002,
    224.56,
    229.42000000000002,
    234.28000000000003,
    239.14000000000001,
    244.0
  ],
  "histogram_counts": [
    872,
    1408,
    1620,
    1576,
    1421,
    1227,
    1052,
    747,
    834,
    772,
    714,
    541,
    483,
    398,
    287,
    306,
    306,
    256,
    243,
    220,
    201,
    151,
    132,
    144,
    114,
    124,
    106,
    114,
    73,
    82,
    73,
    74,
    68,
    45,
    58,
    35,
    43,
    45,
    41,
    47,
    44,
    40,
    36,
    28,
    29,
    30,
    25,
    31,
    23,
    937
  ]
}